{"0": {"mean": 0.6423343000290184, "std": 0.1708771551694735}}