{"0": {"mean": [0.6469956636428833], "std": [0.166840061545372]}, "1": {"mean": [0.6459748148918152], "std": [0.1670152097940445]}, "2": {"mean": [0.6458590030670166], "std": [0.16660349071025848]}, "3": {"mean": [0.6440173387527466], "std": [0.1672370433807373]}, "4": {"mean": [0.6439753174781799], "std": [0.16765281558036804]}, "5": {"mean": [0.6449133157730103], "std": [0.16896410286426544]}, "6": {"mean": [0.6437848210334778], "std": [0.16611243784427643]}, "7": {"mean": [0.6449033617973328], "std": [0.16684435307979584]}, "8": {"mean": [0.6475167274475098], "std": [0.1675434559583664]}, "9": {"mean": [0.6451447010040283], "std": [0.16700905561447144]}}