{"0": {"mean": [0.7102381587028503, 0.5774946212768555, 0.8308100700378418], "std": [0.16012145578861237, 0.2054198533296585, 0.11785192042589188]}, "1": {"mean": [0.7153916358947754, 0.5793658494949341, 0.827663779258728], "std": [0.16000042855739594, 0.20650869607925415, 0.11846884340047836]}, "2": {"mean": [0.7124004364013672, 0.57718825340271, 0.8294227123260498], "std": [0.16072724759578705, 0.2046387791633606, 0.11855459958314896]}, "3": {"mean": [0.7118358016014099, 0.5754610300064087, 0.8304902911186218], "std": [0.1610608547925949, 0.2065279632806778, 0.11821676045656204]}, "4": {"mean": [0.7119261622428894, 0.577910304069519, 0.830891489982605], "std": [0.1604490578174591, 0.20607998967170715, 0.11756657809019089]}, "5": {"mean": [0.716543436050415, 0.5777392983436584, 0.8279311060905457], "std": [0.15970361232757568, 0.20486460626125336, 0.11915037781000137]}, "6": {"mean": [0.7131673693656921, 0.5764185190200806, 0.8261240720748901], "std": [0.16096830368041992, 0.2073710560798645, 0.11780335754156113]}, "7": {"mean": [0.7150375843048096, 0.5785772800445557, 0.8265284895896912], "std": [0.1605706810951233, 0.20768462121486664, 0.11841751635074615]}, "8": {"mean": [0.7148350477218628, 0.5801457166671753, 0.8271421790122986], "std": [0.16085810959339142, 0.20699691772460938, 0.11827699840068817]}, "9": {"mean": [0.7138082981109619, 0.5791913270950317, 0.8285717964172363], "std": [0.16048119962215424, 0.20621849596500397, 0.11810679733753204]}}