{"accuracies": [0.921, 0.891, 0.929, 0.925, 0.938, 0.944, 0.951, 0.938, 0.923, 0.939], "f1_scores": [0.920920920920921, 0.8868120456905503, 0.9279187817258885, 0.9208025343189018, 0.9371196754563895, 0.9443339960238569, 0.9505549949545913, 0.9358178053830227, 0.9197080291970804, 0.9388164493480442], "mean_accuracy": 0.9299, "mean_f1_score": 0.9282805233019247, "std_accuracy": 0.015883639381451566, "std_f1_score": 0.01703863332974673}