{"accuracies": [0.98, 0.976, 0.987, 0.989, 0.986, 0.991, 0.998, 0.99, 0.998, 0.998], "f1_scores": [0.9801587301587301, 0.9765625, 0.9871414441147378, 0.988988988988989, 0.9860279441117764, 0.9910625620655412, 0.998, 0.9899396378269618, 0.998003992015968, 0.998003992015968], "mean_accuracy": 0.9892999999999998, "mean_f1_score": 0.9893889791298672}