{"accuracies": [0.91, 0.904, 0.918, 0.908, 0.93, 0.89, 0.928, 0.864, 0.913, 0.842], "f1_scores": [0.9079754601226994, 0.901639344262295, 0.9149377593360997, 0.9033613445378152, 0.9316406250000001, 0.8846960167714885, 0.9271255060728746, 0.8492239467849224, 0.9098445595854923, 0.8212669683257919], "mean_accuracy": 0.9007000000000002, "mean_f1_score": 0.895171153079948}