{
    "accuracies": [
        0.98,
        0.977,
        0.994,
        0.997,
        0.996,
        0.996,
        0.996,
        0.993,
        0.998,
        0.999
    ],
    "f1_scores": [
        0.9800796812749003,
        0.9774288518155054,
        0.9940119760479043,
        0.997002997002997,
        0.9959839357429718,
        0.9960079840319361,
        0.9959919839679359,
        0.9930486593843098,
        0.998,
        0.998998998998999
    ],
    "mean_accuracy": 0.9926,
    "mean_f1_score": 0.992655506826746,
    "std_accuracy": 0.007269112738154507,
    "std_f1_score": 0.007163454348633935
}