{"0": {"mean": [0.6422942280769348], "std": [0.17053534090518951]}, "1": {"mean": [0.6421909332275391], "std": [0.17093540728092194]}, "2": {"mean": [0.6421142816543579], "std": [0.17159435153007507]}, "3": {"mean": [0.6422051787376404], "std": [0.1718684732913971]}, "4": {"mean": [0.6422618627548218], "std": [0.17167481780052185]}, "5": {"mean": [0.6422199606895447], "std": [0.17210182547569275]}, "6": {"mean": [0.6417077779769897], "std": [0.17333753407001495]}, "7": {"mean": [0.6421120762825012], "std": [0.17316746711730957]}, "8": {"mean": [0.64219069480896], "std": [0.1728505790233612]}, "9": {"mean": [0.6421308517456055], "std": [0.1721692979335785]}}