{
    "0": {
        "mean": [
            0.6426169872283936
        ],
        "std": [
            0.1703673005104065
        ]
    },
    "1": {
        "mean": [
            0.6423331499099731
        ],
        "std": [
            0.1705634593963623
        ]
    },
    "2": {
        "mean": [
            0.6422251462936401
        ],
        "std": [
            0.17044061422348022
        ]
    },
    "3": {
        "mean": [
            0.6422973275184631
        ],
        "std": [
            0.17046070098876953
        ]
    },
    "4": {
        "mean": [
            0.6422476172447205
        ],
        "std": [
            0.17042039334774017
        ]
    },
    "5": {
        "mean": [
            0.6423108577728271
        ],
        "std": [
            0.17041423916816711
        ]
    },
    "6": {
        "mean": [
            0.6423872709274292
        ],
        "std": [
            0.17058666050434113
        ]
    },
    "7": {
        "mean": [
            0.6423932909965515
        ],
        "std": [
            0.17032627761363983
        ]
    },
    "8": {
        "mean": [
            0.6424703598022461
        ],
        "std": [
            0.17026516795158386
        ]
    },
    "9": {
        "mean": [
            0.6422606706619263
        ],
        "std": [
            0.17042158544063568
        ]
    }
}