,train_loss,val_loss,train_acc,val_acc,epochs
0,0.3270903946237361,0.35373224038630724,0.864383865248227,0.828515625,0
1,0.3289439087429791,0.39125797199085355,0.8622562056737588,0.7607421875,1
2,0.32838281460687624,0.5043069804087281,0.8632978723404255,0.6806640625,2
3,0.3330508469478458,0.27100609336048365,0.8547650709219857,0.92421875,3
4,0.33222835960117636,0.2997855395078659,0.8637632978723405,0.8890625,4
5,0.33189253255407863,0.3392272307537496,0.8587101063829787,0.840234375,5
6,0.33114497670045134,0.5851735540200025,0.8585549645390071,0.6240234375,6
7,0.3448905663710114,0.3912604064680636,0.8487367021276596,0.781640625,7
8,0.3305818059131609,0.308256930205971,0.8613696808510638,0.871875,8
