,train_loss,val_loss,train_acc,val_acc,epochs
0,0.29563656766363916,0.15673507004976273,0.8731826241134752,0.9515625,0
1,0.28830464416784596,0.3356764655909501,0.8781249999999999,0.85546875,1
2,0.28996087156289013,0.34359945048345253,0.8790336879432624,0.8544921875,2
3,0.2967551698287328,0.31882451759884134,0.883488475177305,0.8701171875,3
4,0.299550066074581,0.19722727464977652,0.8755097517730497,0.921875,4
5,0.2927033999498854,0.22835115646012127,0.8755540780141844,0.9072265625,5
