,train_loss,val_loss,train_acc,val_acc,epochs
0,0.33329118745969544,0.38838226394727826,0.8615913120567376,0.7875,0
1,0.3293702454431683,0.3501503295265138,0.8616578014184397,0.81875,1
2,0.32430218656857807,0.28929143166169524,0.8643617021276596,0.8802734375,2
3,0.3318867326205504,0.35234855441376567,0.8586436170212766,0.82265625,3
4,0.3282819647104182,0.39380531874485314,0.8626329787234042,0.7943359375,4
5,0.3359572707761264,0.3874208093620837,0.8613031914893616,0.77578125,5
6,0.33580055811726456,0.3909472241066396,0.8596409574468085,0.781640625,6
7,0.3401864825199682,0.3053008448332548,0.8557402482269504,0.871484375,7
