,train_loss,val_loss,train_acc,val_acc,epochs
0,0.09823909294890597,0.044476927374489605,0.9640735815602836,0.98828125,0
1,0.07308918435839896,0.0636810111172963,0.9771719858156028,0.9814453125,1
2,0.08246372091907558,0.03654233459383249,0.9712987588652482,0.9912109375,2
3,0.09698622037015908,0.14139537511800881,0.9673093971631206,0.943359375,3
4,0.11081554852954462,0.045239476166898385,0.9624113475177304,0.9828125,4
5,0.09674443665178532,0.04306436108890921,0.9662898936170212,0.9873046875,5
6,0.09588370922001753,0.046653508907184005,0.9652039007092199,0.9837890625,6
7,0.08054946569052149,0.29011534361052327,0.971232269503546,0.8890625,7
