,train_loss,val_loss,train_acc,val_acc,epochs
0,0.06795316263504908,0.3731997381549519,0.9766179078014184,0.909375,0
1,0.058058512073459356,0.06809094514085245,0.981427304964539,0.97265625,1
2,0.05859664131405083,0.017754133994458243,0.9793882978723404,0.99609375,2
3,0.06529022134999012,0.04959518123177986,0.9802083333333333,0.984375,3
4,0.056025776054366684,0.16508740944459532,0.9824689716312056,0.953125,4
5,0.0588165603756429,0.019789359179412713,0.9818705673758865,0.99609375,5
6,0.042674127845622016,0.03350993872118124,0.9868129432624113,0.9921875,6
7,0.054359543900144226,0.10285195053776874,0.9828235815602837,0.9599609375,7
