,train_loss,val_loss,train_acc,val_acc,epochs
0,0.10086528621349775,0.04810790182091296,0.9665336879432624,0.988671875,0
1,0.08577302096953206,0.09205264572665328,0.971232269503546,0.974609375,1
2,0.09649201763912718,0.10769342901767232,0.9644725177304964,0.9560546875,2
3,0.1253975473661372,0.08673044404713437,0.9555407801418438,0.9615234375,3
4,0.11643765478375111,0.07277712468930986,0.9554078014184397,0.974609375,4
5,0.10647403104032607,0.08974680816754699,0.9595744680851065,0.96484375,5
