,train_loss,val_loss,train_acc,val_acc,epochs
0,0.6207938219638581,0.5624481737613678,0.6323581560283688,0.842578125,0
1,0.6191197139151553,0.5623964443802834,0.6417109929078014,0.840625,1
2,0.6261064355255018,0.5631783343851566,0.6268617021276596,0.8416015625,2
3,0.6187041277158345,0.561602808535099,0.6386968085106384,0.842578125,3
4,0.6239496761179985,0.5618084631860256,0.6241356382978723,0.844140625,4
5,0.6225524358715572,0.5622417889535427,0.6250221631205674,0.8435546875,5
