,train_loss,val_loss,train_acc,val_acc,epochs
0,0.06134166737608876,0.016263262744359963,0.9802748226950354,0.99609375,0
1,0.07103309661467025,0.017239692413568264,0.9767065602836879,0.994140625,1
2,0.06090346902793815,0.054171109435174,0.9813608156028368,0.9818359375,2
3,0.06317847248510267,0.04508184345195332,0.9779920212765957,0.98671875,3
4,0.06866769457288774,0.020205371714837383,0.9763297872340425,0.990234375,4
5,0.0582267709442989,0.061946286116153715,0.9830452127659575,0.9775390625,5
