,train_loss,val_loss,train_acc,val_acc,epochs
0,0.11649037875129399,0.04254338284954429,0.9560283687943263,0.983203125,0
1,0.07197824463327514,0.039477629819884896,0.974113475177305,0.9861328125,1
2,0.07158683928007141,0.02452787350921426,0.9751108156028369,0.998046875,2
3,0.08585195247651943,0.02425411102012731,0.968284574468085,0.99609375,3
4,0.08265665713829774,0.03224293490347918,0.97052304964539,0.990625,4
5,0.09609019781416613,0.16597872424154048,0.9665336879432624,0.92578125,5
6,0.08095348874727885,0.0902614661026746,0.9725398936170213,0.95859375,6
7,0.10731092572265061,0.029775007045827806,0.9600398936170212,0.9951171875,7
