,train_loss,val_loss,train_acc,val_acc,epochs
0,0.2861959108329834,0.14894441422075033,0.8845744680851063,0.9392578125,0
1,0.29287344544914595,0.2409989507868886,0.8805851063829787,0.9041015625,1
2,0.28613612637029473,0.2582856046501547,0.882956560283688,0.8890625,2
3,0.28495635451577234,0.3245409494265914,0.8824024822695036,0.8509765625,3
4,0.27677081081461397,0.3501627171644941,0.8883421985815603,0.8408203125,4
5,0.2763673961162567,0.2680630817776546,0.8864361702127659,0.896875,5
