,train_loss,val_loss,train_acc,val_acc,epochs
0,0.0370759513821116,0.030672313821696662,0.9878102836879432,0.990625,0
1,0.03957430107258128,0.643314933979393,0.9892952127659574,0.871484375,1
2,0.048123288835260146,0.0071555153153894935,0.9845966312056738,0.996484375,2
3,0.0349705737052776,0.011397767121479774,0.989915780141844,0.99609375,3
4,0.03509760111614117,0.028238772575932103,0.9883643617021277,0.9921875,4
5,0.04419321647237537,0.0344274424528237,0.9865248226950354,0.988671875,5
6,0.03466968055391777,0.012222649877685399,0.9896276595744681,0.9951171875,6
7,0.040202894189035034,0.009027326500472554,0.9873005319148935,0.998046875,7
