,train_loss,val_loss,train_acc,val_acc,epochs
0,0.14940246638465435,0.09270338778151199,0.9407358156028369,0.9658203125,0
1,0.0818462369976737,0.04830289422534406,0.9724512411347518,0.9857421875,1
2,0.09382407315048977,0.12728027353296056,0.9659131205673759,0.9513671875,2
3,0.10721029009643598,0.06963425921276212,0.961436170212766,0.9740234375,3
4,0.09397925374408563,0.1581608111737296,0.9668439716312056,0.927734375,4
5,0.0931793203881235,0.4557864658145263,0.9675088652482269,0.8251953125,5
6,0.10955377571707499,0.09326569279073738,0.9607712765957447,0.969140625,6
