,train_loss,val_loss,train_acc,val_acc,epochs
0,0.10791891081430388,0.055666376487351954,0.9634308510638298,0.976953125,0
1,0.11158429541961944,0.05802324798423797,0.9618129432624113,0.9765625,1
2,0.09697544097847549,0.0978467217682919,0.9700132978723404,0.971484375,2
3,0.10199128803367732,0.05776334728579968,0.9646941489361702,0.974609375,3
4,0.10109245567087163,0.06229399671428837,0.9667996453900709,0.9677734375,4
5,0.09567083939513628,0.20978014996944694,0.966445035460993,0.933203125,5
