,train_loss,val_loss,train_acc,val_acc,epochs
0,0.04841207323846876,0.02057028796866689,0.9840425531914894,0.9935546875,0
1,0.04187139514866715,0.01624770652551888,0.9861258865248226,0.996484375,1
2,0.0468443146888629,0.15361044360224696,0.9837101063829787,0.9619140625,2
3,0.04852628713169842,0.01476388483865776,0.9857047872340425,0.9955078125,3
4,0.04949202510884943,0.04308405421897987,0.9838652482269503,0.9896484375,4
5,0.04999534382504669,0.044019192503071736,0.9857047872340425,0.9857421875,5
6,0.04252808835317797,0.01732696947186696,0.9863696808510638,0.9974609375,6
7,0.04805460935854848,0.015072636847932586,0.9847296099290781,0.99453125,7
8,0.043773892741808866,0.025357083893219112,0.9850398936170213,0.98828125,8
