,train_loss,val_loss,train_acc,val_acc,epochs
0,0.33781390325397465,0.3396957851946354,0.8556737588652482,0.83828125,0
1,0.32912370224371024,0.38600208330899477,0.8632313829787234,0.7806640625,1
2,0.33163694773159974,0.25509148882701993,0.8600620567375886,0.91875,2
3,0.33195305652652224,0.39604799216613173,0.8601285460992908,0.76796875,3
4,0.3314370389314408,0.3814699894282967,0.8648271276595745,0.8142578125,4
5,0.334521472348389,0.32807953329756856,0.8581117021276596,0.848046875,5
6,0.3396005373685918,0.4598271071445197,0.8574911347517731,0.725,6
7,0.33715655860748694,0.3935208339244127,0.8573803191489362,0.7796875,7
