,train_loss,val_loss,train_acc,val_acc,epochs
0,0.05310566805580512,0.019835918028093147,0.9828014184397162,0.9931640625,0
1,0.04837228118025876,0.022776540033078163,0.9833554964539006,0.9921875,1
2,0.047963600022823995,0.02281801430547148,0.9851285460992907,0.9931640625,2
3,0.049184303254331624,0.032557669414018164,0.9837101063829787,0.9873046875,3
4,0.04722202877953305,0.16426155589192604,0.9862367021276595,0.9365234375,4
5,0.05127159720501394,0.04008604445516539,0.984197695035461,0.984375,5
