,train_loss,val_loss,train_acc,val_acc,epochs
0,0.05466998975512618,0.021611003365251236,0.9822695035460993,0.9974609375,0
1,0.046701700552135496,0.0433535552729154,0.9848625886524822,0.984765625,1
2,0.05891967953863085,0.06160480314792949,0.9792774822695035,0.9765625,2
3,0.09478414357236936,0.022475338468211703,0.9677526595744681,0.99453125,3
4,0.07440655965503332,0.3258095369237708,0.9746010638297872,0.8939453125,4
5,0.08287069958086449,0.06438145134234219,0.9687721631205675,0.9740234375,5
