,train_loss,val_loss,train_acc,val_acc,epochs
0,0.3270566689629927,0.43679486284963787,0.8646941489361702,0.7494140625,0
1,0.3226602892292307,0.35403593722730875,0.8642287234042554,0.81484375,1
2,0.33348047902398076,0.5123146157711744,0.8580230496453901,0.6826171875,2
3,0.33058729408480597,0.4222621009685099,0.8634530141843972,0.7669921875,3
4,0.3313069372101033,0.3737590522505343,0.8624778368794326,0.80703125,4
5,0.3313568804069614,0.4242601909209043,0.8591090425531915,0.7591796875,5
6,0.33258199438135677,0.5120368048083037,0.859906914893617,0.691796875,6
