,train_loss,val_loss,train_acc,val_acc,epochs
0,0.3286828057351687,0.4103417561855167,0.8619459219858155,0.76796875,0
1,0.3228299617767334,0.288954003714025,0.8641400709219859,0.86640625,1
2,0.3304962743047281,0.367600386030972,0.8650487588652482,0.8177734375,2
3,0.33213321325626777,0.5005906072910875,0.8633200354609929,0.6810546875,3
4,0.3330177404779069,0.47843741811811924,0.8624999999999999,0.695703125,4
5,0.3240901765459818,0.3914956378284842,0.8668218085106383,0.8001953125,5
6,0.33549723906297213,0.3946255568880588,0.8589095744680851,0.7962890625,6
