,train_loss,val_loss,train_acc,val_acc,epochs
0,0.3315251999078913,0.4323956468142569,0.8615913120567376,0.744140625,0
1,0.3326650676152385,0.33414323977194726,0.8631648936170213,0.853515625,1
2,0.3326053432327636,0.48215112392790616,0.8614140070921985,0.6845703125,2
3,0.32892000875997207,0.4901372044114396,0.8639184397163121,0.7060546875,3
4,0.3412095695099932,0.4009354629088193,0.8579122340425532,0.7734375,4
5,0.3353506542266683,0.5100372293964028,0.861502659574468,0.6826171875,5
6,0.32629116809537223,0.5244790819706395,0.8644281914893618,0.6572265625,6
