,train_loss,val_loss,train_acc,val_acc,epochs
0,0.1650040055103336,0.10838024108670652,0.9365913120567375,0.9517578125,0
1,0.15494788707570828,0.08163194498047233,0.9416445035460993,0.975390625,1
2,0.12230893475472504,0.09304599306778982,0.9572251773049646,0.969921875,2
3,0.18743437562956877,0.1408577964757569,0.9349955673758865,0.9482421875,3
4,0.14484222189701618,0.12077524169581011,0.9466312056737588,0.9537109375,4
5,0.14162178799932731,0.10703645239118487,0.9476063829787235,0.95390625,5
6,0.14222791249341998,0.17232769704423845,0.9442819148936171,0.9326171875,6
