,train_loss,val_loss,train_acc,val_acc,epochs
0,0.3546064741222571,0.3298745071515441,0.8442154255319149,0.844140625,0
1,0.33218699017315045,0.36522390600293875,0.8614140070921985,0.8138671875,1
2,0.3346431022840189,0.696868548868224,0.8587987588652483,0.5927734375,2
3,0.3318150132260424,0.2836768392007798,0.8653147163120568,0.887890625,3
4,0.344279576066538,0.3580127088353038,0.8528590425531914,0.838671875,4
5,0.3406763257498437,0.32721070665866137,0.8560505319148937,0.8669921875,5
6,0.3300761563558105,0.37744102580472827,0.8626329787234042,0.7845703125,6
7,0.34004105225945197,0.48424253263510764,0.8528368794326241,0.68203125,7
8,0.33527972681302554,0.4202421819791198,0.8586214539007092,0.750390625,8
