,train_loss,val_loss,train_acc,val_acc,epochs
0,0.0998512789976935,0.07127247819516924,0.9688608156028369,0.97265625,0
1,0.08263137500653876,0.026196774284471758,0.9711214539007091,0.9935546875,1
2,0.09090734219693757,0.040422815043712035,0.9707890070921985,0.9841796875,2
3,0.08178796594737904,0.021418425501906313,0.973116134751773,0.992578125,3
4,0.08291618218183094,1.1220851325258572,0.9722739361702127,0.6943359375,4
5,0.09192668288576265,0.09668329587725566,0.9712987588652482,0.9560546875,5
6,0.08997964526110507,0.1991664787060472,0.97052304964539,0.9427734375,6
7,0.07912990483884694,0.024078938033198938,0.9732269503546099,0.9916015625,7
8,0.08649564076690598,0.08024837041739374,0.9707446808510638,0.9650390625,8
