,train_loss,val_loss,train_acc,val_acc,epochs
0,0.057148788388527876,0.0816915023682867,0.9826241134751774,0.9716796875,0
1,0.057081051844548675,0.01513729219891502,0.9819813829787234,0.99609375,1
2,0.06007485399154801,0.016700037545888335,0.9824911347517731,0.99453125,2
3,0.05142770936474838,0.01229951098441262,0.9842641843971631,0.9951171875,3
4,0.044607095674657864,0.23551775546170006,0.9849069148936169,0.93125,4
5,0.05938050027520574,0.03355510904617409,0.9811613475177305,0.9892578125,5
6,0.05260533499795653,0.0348857843653434,0.9845966312056738,0.9931640625,6
7,0.04814288458053736,0.04081659481084898,0.9846852836879432,0.9845703125,7
8,0.050323197581798686,0.03654152664620369,0.9859264184397163,0.9845703125,8
