,train_loss,val_loss,train_acc,val_acc,epochs
0,0.6201325337937538,0.5630323849618435,0.6344636524822694,0.84453125,0
1,0.6187907689852072,0.5625397153198719,0.6379654255319149,0.84453125,1
2,0.6187755351370954,0.5623602457344532,0.6369902482269504,0.84453125,2
3,0.6228409642023398,0.5622355565428734,0.6367242907801418,0.8455078125,3
4,0.6232459101271122,0.562979007139802,0.6324468085106383,0.8435546875,4
5,0.6304421450229402,0.5646439343690872,0.6195700354609929,0.842578125,5
