,train_loss,val_loss,train_acc,val_acc,epochs
0,0.3270242733101473,0.39501084364019334,0.8647163120567376,0.771875,0
1,0.3271363584707815,0.42755283741280437,0.861857269503546,0.75625,1
2,0.32581462230242736,0.29564671218395233,0.8623670212765957,0.8666015625,2
3,0.33558057607911157,0.3931091809645295,0.8610372340425532,0.7884765625,3
4,0.33032667710848734,0.3226159354671836,0.8620567375886524,0.8451171875,4
5,0.33442345959074954,0.4085693883243948,0.8592420212765958,0.7689453125,5
6,0.3331011108895566,0.48817356675863266,0.8605718085106383,0.7083984375,6
7,0.3287664330597465,0.4092562098521739,0.8658466312056737,0.758203125,7
