,train_loss,val_loss,train_acc,val_acc,epochs
0,0.04913488577337975,0.014075506554242168,0.9849290780141844,0.994140625,0
1,0.04725825390117969,0.0344858834448587,0.9861702127659575,0.9873046875,1
2,0.06336889974112418,0.011402283537790936,0.9773936170212766,0.9951171875,2
3,0.04612842786079603,0.06423820319150764,0.9859264184397163,0.9798828125,3
4,0.05132547380726335,0.01196421575241402,0.9817154255319149,0.998046875,4
5,0.055113381587285945,0.013084307589224409,0.9830452127659575,0.9970703125,5
6,0.05076615071478993,0.17294401659700043,0.9846409574468085,0.95390625,6
7,0.04488355259564606,1.027536601825419,0.9855939716312057,0.7451171875,7
