,train_loss,val_loss,train_acc,val_acc,epochs
0,0.33955886177982847,0.4676446598023176,0.8554964539007093,0.730859375,0
1,0.32327319206075467,0.383740731747821,0.8648049645390071,0.8109375,1
2,0.3351447606551732,0.4087904882617295,0.8620345744680851,0.785546875,2
3,0.33708472919802296,0.2590183415450156,0.8606382978723404,0.914453125,3
4,0.33700648679378187,0.5619283396517858,0.8592863475177305,0.6625,4
5,0.33481115800269107,0.42007852368988097,0.8566932624113476,0.7826171875,5
6,0.33397039432897635,0.2630310361273587,0.8657358156028369,0.898828125,6
7,0.3404937775422495,0.6075946427881718,0.8557402482269504,0.646484375,7
8,0.33637629290844534,0.33365649939514697,0.8576684397163121,0.8568359375,8
