,train_loss,val_loss,train_acc,val_acc,epochs
0,0.10966284349824942,0.055738464812748134,0.963209219858156,0.9861328125,0
1,0.11300791234623456,0.052043486619368196,0.959131205673759,0.9861328125,1
2,0.11778388970287133,0.10710391178145073,0.9585328014184397,0.953125,2
3,0.11637341186192864,1.5900711696685903,0.9583554964539008,0.5859375,3
4,0.10978353503061102,0.08219096428365447,0.960970744680851,0.967578125,4
5,0.10821085812933479,0.07793362671509385,0.9613696808510638,0.9748046875,5
6,0.13247863838700116,0.37717818090095534,0.949468085106383,0.8232421875,6
