,train_loss,val_loss,train_acc,val_acc,epochs
0,0.2870862311716621,0.2702620775671676,0.8789007092198582,0.896875,0
1,0.28306841057665805,0.24261052400106564,0.8848404255319149,0.9076171875,1
2,0.28522561131216956,0.2044806721387431,0.8816046099290781,0.922265625,2
3,0.27621816458008813,0.20482956187333912,0.8845079787234043,0.92421875,3
4,0.28569194843583073,0.23023536906111985,0.880008865248227,0.914453125,4
5,0.2813369759114076,0.21844669664278626,0.8822473404255319,0.92421875,5
6,0.2797249029291437,0.2055971921654418,0.8820921985815603,0.9203125,6
7,0.2855026699761127,0.5310154929684359,0.8815381205673759,0.7982421875,7
