,train_loss,val_loss,train_acc,val_acc,epochs
0,0.34178610283432276,0.2428701459430158,0.8533466312056738,0.8912109375,0
1,0.34163464109102887,0.3998581563355401,0.8511303191489362,0.8037109375,1
2,0.33693337207990337,0.2558199337217957,0.8592641843971631,0.8849609375,2
3,0.33989031084463106,0.37022469262592494,0.8558510638297873,0.812890625,3
4,0.33632495481494473,0.27699003205634654,0.8577570921985815,0.8744140625,4
5,0.3327073074401693,0.26710029132664204,0.8576906028368795,0.8806640625,5
