,train_loss,val_loss,train_acc,val_acc,epochs
0,0.6221960512458855,0.5646061897277832,0.6308732269503546,0.8345703125,0
1,0.6163898342890097,0.5643142350018024,0.6374113475177305,0.8345703125,1
2,0.618779552321062,0.5644820295274258,0.6420212765957447,0.8375,2
3,0.6173312304713202,0.5646661706268787,0.640447695035461,0.8365234375,3
4,0.6214117268298535,0.5657008141279221,0.6264849290780141,0.8365234375,4
5,0.6193004931118471,0.5655819103121758,0.6343085106382979,0.835546875,5
