,train_loss,val_loss,train_acc,val_acc,epochs
0,0.3180474374733918,0.23223667684942484,0.8666666666666667,0.904296875,0
1,0.3187382630211242,0.4112314094090834,0.8669547872340425,0.8193359375,1
2,0.3120453212912201,0.19966970547102392,0.8707446808510638,0.9267578125,2
3,0.31255225372229906,0.4819296859786846,0.8718528368794327,0.779296875,3
4,0.3138619670842556,0.39332795166410506,0.8658687943262412,0.8251953125,4
5,0.3063520820851022,0.25930181017611176,0.869459219858156,0.88671875,5
6,0.3123771331623091,0.23100498702842742,0.8651152482269504,0.912109375,6
7,0.31076196840046144,0.2919263149378821,0.8722074468085107,0.873046875,7
