{
    "0": {
        "mean": [
            0.7064047455787659,
            0.5720739960670471,
            0.8341714143753052
        ],
        "std": [
            0.1673128455877304,
            0.20926183462142944,
            0.11783168464899063
        ]
    },
    "1": {
        "mean": [
            0.7064012885093689,
            0.5720331072807312,
            0.8340111970901489
        ],
        "std": [
            0.1673007309436798,
            0.20920173823833466,
            0.11779171973466873
        ]
    },
    "2": {
        "mean": [
            0.7062825560569763,
            0.5720421671867371,
            0.834133505821228
        ],
        "std": [
            0.167218416929245,
            0.20908495783805847,
            0.11773984134197235
        ]
    },
    "3": {
        "mean": [
            0.7064064145088196,
            0.5721913576126099,
            0.8341804146766663
        ],
        "std": [
            0.16709156334400177,
            0.20918165147304535,
            0.11760079115629196
        ]
    },
    "4": {
        "mean": [
            0.7066220641136169,
            0.5721625685691833,
            0.8340489268302917
        ],
        "std": [
            0.1670798808336258,
            0.20912280678749084,
            0.11775249242782593
        ]
    },
    "5": {
        "mean": [
            0.7067297101020813,
            0.5721986889839172,
            0.8341744542121887
        ],
        "std": [
            0.16703304648399353,
            0.20902416110038757,
            0.11764462292194366
        ]
    },
    "6": {
        "mean": [
            0.7062463760375977,
            0.5719467401504517,
            0.8339688181877136
        ],
        "std": [
            0.16714131832122803,
            0.20912721753120422,
            0.11745599657297134
        ]
    },
    "7": {
        "mean": [
            0.7067477703094482,
            0.5723448395729065,
            0.8341304063796997
        ],
        "std": [
            0.16724257171154022,
            0.2092045098543167,
            0.11758457124233246
        ]
    },
    "8": {
        "mean": [
            0.7067996859550476,
            0.5722946524620056,
            0.8342013955116272
        ],
        "std": [
            0.1670968234539032,
            0.20908382534980774,
            0.11764007061719894
        ]
    },
    "9": {
        "mean": [
            0.7065051198005676,
            0.572146475315094,
            0.8340638279914856
        ],
        "std": [
            0.16697514057159424,
            0.20904183387756348,
            0.11749938130378723
        ]
    }
}