{"0": {"mean": [0.6422942280769348], "std": [0.17053534090518951]}, "1": {"mean": [0.64223313331604], "std": [0.17051775753498077]}, "2": {"mean": [0.6422249674797058], "std": [0.17040811479091644]}, "3": {"mean": [0.6423720717430115], "std": [0.17045286297798157]}, "4": {"mean": [0.6424005627632141], "std": [0.17036980390548706]}, "5": {"mean": [0.6424697637557983], "std": [0.17031168937683105]}, "6": {"mean": [0.6421313881874084], "std": [0.17042659223079681]}, "7": {"mean": [0.6425397992134094], "std": [0.17047235369682312]}, "8": {"mean": [0.6425349116325378], "std": [0.17039719223976135]}, "9": {"mean": [0.6423419117927551], "std": [0.1703139990568161]}}