,train_loss,val_loss,train_acc,val_acc,epochs
0,0.15552390249551717,0.07691217365209013,0.9315159574468085,0.9609375,0
1,0.15744728173611436,0.0743639508727938,0.931959219858156,0.9677734375,1
2,0.1489257752393366,0.07754832129285205,0.9388297872340425,0.9677734375,2
3,0.16203716693195044,0.07465179479913786,0.9324024822695035,0.96875,3
4,0.15834343133507467,0.0754242468974553,0.9342863475177305,0.962890625,4
5,0.15421958135586258,0.07514810934662819,0.9321808510638298,0.96484375,5
6,0.1560554821110258,0.07475841246196069,0.9327349290780141,0.9658203125,6
