,train_loss,val_loss,train_acc,val_acc,epochs
0,0.1562324965716148,0.0716562540983432,0.9336214539007093,0.9697265625,0
1,0.15216786548468872,0.07102757305256091,0.9348404255319149,0.9677734375,1
2,0.1622851689788678,0.07075173518023803,0.9257535460992907,0.9697265625,2
3,0.1592321392571461,0.07127181109171943,0.9320700354609929,0.96875,3
4,0.15502448172592526,0.07116726445383392,0.9306294326241135,0.96875,4
5,0.1563020904634333,0.07128244210616685,0.933843085106383,0.96875,5
