,train_loss,val_loss,train_acc,val_acc,epochs
0,0.15318251799475005,0.08063355125341332,0.9342863475177305,0.96875,0
1,0.15606655632244779,0.084115740541165,0.9363918439716312,0.958984375,1
2,0.15394194497469257,0.08151093964988831,0.9332890070921985,0.96875,2
3,0.1498969041392313,0.08398171334192739,0.9359485815602837,0.9638671875,3
4,0.15291834567799,0.08057248678960605,0.9340647163120568,0.96875,4
5,0.15548619797043767,0.08548911213802057,0.9302969858156028,0.9609375,5
