,train_loss,val_loss,train_acc,val_acc,epochs
0,0.15631619799908594,0.06897245338950597,0.9309618794326241,0.96484375,0
1,0.15541730696956316,0.07023712037698715,0.9326241134751773,0.97265625,1
2,0.15885602600925358,0.07183745224756422,0.9315159574468085,0.9716796875,2
3,0.15958102067258764,0.0691107566071878,0.9337322695035462,0.96875,3
4,0.15321793146299342,0.06963732855729177,0.9341755319148937,0.9716796875,4
5,0.16074196419328557,0.07187958553186036,0.9298537234042553,0.9716796875,5
