,train_loss,val_loss,train_acc,val_acc,epochs
0,0.1558594813715693,0.08021213876781985,0.9337322695035462,0.9638671875,0
1,0.15809427989739264,0.08141374761180487,0.9315159574468085,0.9658203125,1
2,0.15744492073431082,0.07499740630737506,0.9315159574468085,0.962890625,2
3,0.161488066552907,0.07420505768823205,0.931072695035461,0.9599609375,3
4,0.15600338516136011,0.0772764718713006,0.9318484042553191,0.96484375,4
5,0.1557199560759708,0.0744932575544226,0.9297429078014184,0.9599609375,5
6,0.15772208867343604,0.07488665933124139,0.9290780141843972,0.9619140625,6
7,0.1548331799646113,0.07457733792762156,0.9316267730496454,0.9599609375,7
