,train_loss,val_loss,train_acc,val_acc,epochs
0,0.15309134162698232,0.09594038350769551,0.9343971631205674,0.953125,0
1,0.15381685910574722,0.09643117699306458,0.9329565602836879,0.955078125,1
2,0.15137041767676038,0.11261598186683841,0.9340647163120568,0.95703125,2
3,0.14693377923273238,0.10042018934473163,0.93572695035461,0.9560546875,3
4,0.1532457040503938,0.09853084840869997,0.9325132978723404,0.955078125,4
5,0.15411001631448454,0.10204782160872128,0.9325132978723404,0.9560546875,5
