,train_loss,val_loss,train_acc,val_acc,epochs
0,0.157530011946058,0.083529084608017,0.9295212765957447,0.962890625,0
1,0.15597245581315974,0.08319063501403434,0.9320700354609929,0.962890625,1
2,0.15901984179934078,0.08328285954485182,0.9294104609929078,0.962890625,2
3,0.1553713428252872,0.08737057562393602,0.9305186170212766,0.9638671875,3
4,0.15211503534637233,0.08371159912348958,0.9331781914893617,0.962890625,4
5,0.15171979116077752,0.08924788508011261,0.9341755319148937,0.9638671875,5
